{
  "project_info": {
    "project_number": "644535054891",
    "project_id": "e-commerce-56ae6",
    "storage_bucket": "e-commerce-56ae6.appspot.com"
  },
  "client": [
    {
      "client_info": {
        "mobilesdk_app_id": "1:644535054891:android:7a6d71e5cf0e5bb935706e",
        "android_client_info": {
          "package_name": "com.example.e_commerce"
        }
      },
      "oauth_client": [],
      "api_key": [
        {
          "current_key": "AIzaSyApHyYBKYGKuug-Mi0GeLL0tQ1dLqVrwhg"
        }
      ],
      "services": {
        "appinvite_service": {
          "other_platform_oauth_client": []
        }
      }
    }
  ],
  "configuration_version": "1"
}